<?xml version="1.0" encoding="utf-8"?>
<!--/641952/988600/2.49/8/3/Integrated Circuit/-->
<quadcept_library>
  <setting unit="mil" />
  <textstyle name="Default" height="47.244094488189" strokewidth="7.8740157480315" charwidth="47.244094488189" />
  <textstyle name="Dimension" height="19.6850393700787" strokewidth="0" charwidth="19.6850393700787" />
  <textstyle name="H127W0635TH00762" height="50" strokewidth="3" charwidth="25" />
  <textstyle name="H15W15TH02" height="59.0551181102362" strokewidth="7.8740157480315" charwidth="59.0551181102362" />
  <padstyle name="r165_65" surface="True" plated="False" isvia="False" nopaste="False" nomask="True" complex="False" holesize="0">
    <padshape layer="TOP" shape="rectangle" width="25.590551181102" height="64.960629921259" />
    <padshape layer="TOP_SOLDER_MASK" shape="rectangle" width="33.464566929133" height="72.83464566929" />
    <padshape layer="TOP_SOLDER_PASTE" shape="rectangle" width="25.590551181102" height="64.960629921259" />
  </padstyle>
  <footprint name="SOIC127P790X216-8N" originx="0" originy="0" pickpointx="0" pickpointy="0">
    <pcbpin number="1" name="1" style="r165_65" originx="-141.73228346457" originy="74.999999999999" rotation="90" />
    <pcbpin number="2" name="2" style="r165_65" originx="-141.73228346457" originy="25" rotation="90" />
    <pcbpin number="3" name="3" style="r165_65" originx="-141.73228346457" originy="-25" rotation="90" />
    <pcbpin number="4" name="4" style="r165_65" originx="-141.73228346457" originy="-74.999999999999" rotation="90" />
    <pcbpin number="5" name="5" style="r165_65" originx="141.73228346457" originy="-74.999999999999" rotation="90" />
    <pcbpin number="6" name="6" style="r165_65" originx="141.73228346457" originy="-25" rotation="90" />
    <pcbpin number="7" name="7" style="r165_65" originx="141.73228346457" originy="25" rotation="90" />
    <pcbpin number="8" name="8" style="r165_65" originx="141.73228346457" originy="74.999999999999" rotation="90" />
    <line layer="TOP_PLACE_BOUND" originx="-184.05511811023" originy="115.74803149606" endx="184.05511811023" endy="115.74803149606" width="1.9685039370079" />
    <line layer="TOP_PLACE_BOUND" originx="184.05511811023" originy="115.74803149606" endx="184.05511811023" endy="-115.74803149606" width="1.9685039370079" />
    <line layer="TOP_PLACE_BOUND" originx="184.05511811023" originy="-115.74803149606" endx="-184.05511811023" endy="-115.74803149606" width="1.9685039370079" />
    <line layer="TOP_PLACE_BOUND" originx="-184.05511811023" originy="-115.74803149606" endx="-184.05511811023" endy="115.74803149606" width="1.9685039370079" />
    <line layer="TOP_ASSEMBLY" originx="-103.93700787401" originy="103.93700787401" endx="103.93700787401" endy="103.93700787401" width="3.9370078740157" />
    <line layer="TOP_ASSEMBLY" originx="103.93700787401" originy="103.93700787401" endx="103.93700787401" endy="-103.93700787401" width="3.9370078740157" />
    <line layer="TOP_ASSEMBLY" originx="103.93700787401" originy="-103.93700787401" endx="-103.93700787401" endy="-103.93700787401" width="3.9370078740157" />
    <line layer="TOP_ASSEMBLY" originx="-103.93700787401" originy="-103.93700787401" endx="-103.93700787401" endy="103.93700787401" width="3.9370078740157" />
    <line layer="TOP_ASSEMBLY" originx="-103.93700787401" originy="53.937007874015" endx="-53.937007874015" endy="103.93700787401" width="3.9370078740157" />
    <line layer="TOP_SILKSCREEN" originx="-95.472440944881" originy="103.93700787401" endx="95.472440944881" endy="103.93700787401" width="7.8740157480314" />
    <line layer="TOP_SILKSCREEN" originx="95.472440944881" originy="103.93700787401" endx="95.472440944881" endy="-103.93700787401" width="7.8740157480314" />
    <line layer="TOP_SILKSCREEN" originx="95.472440944881" originy="-103.93700787401" endx="-95.472440944881" endy="-103.93700787401" width="7.8740157480314" />
    <line layer="TOP_SILKSCREEN" originx="-95.472440944881" originy="-103.93700787401" endx="-95.472440944881" endy="103.93700787401" width="7.8740157480314" />
    <line layer="TOP_SILKSCREEN" originx="-174.21259842519" originy="101.57480314961" endx="-109.25196850394" endy="101.57480314961" width="7.8740157480314" />
  </footprint>
  <symbol name="W25Q32JVSSIQ_TR" originx="0" originy="0">
    <line originx="200" originy="100" endx="1200" endy="100" width="0" />
    <line originx="1200" originy="-400" endx="1200" endy="100" width="0" />
    <line originx="1200" originy="-400" endx="200" endy="-400" width="0" />
    <line originx="200" originy="100" endx="200" endy="-400" width="0" />
    <sympin number="1" originx="200" originy="0" rotation="180" length="100" width="7.8740157480315" flipped="False">
      <text name="pinname" originx="230" originy="0" style="Default" rotation="0" justify="left" flipped="False" hidden="False" data="/CS" />
      <text name="pindes" originx="140" originy="20" style="Default" rotation="0" justify="lowerright" flipped="False" hidden="False" data="1" />
    </sympin>
    <sympin number="2" originx="200" originy="-100" rotation="180" length="100" width="7.8740157480315" flipped="False">
      <text name="pinname" originx="230" originy="-100" style="Default" rotation="0" justify="left" flipped="False" hidden="False" data="DO(IO1)" />
      <text name="pindes" originx="140" originy="-80" style="Default" rotation="0" justify="lowerright" flipped="False" hidden="False" data="2" />
    </sympin>
    <sympin number="3" originx="200" originy="-200" rotation="180" length="100" width="7.8740157480315" flipped="False">
      <text name="pinname" originx="230" originy="-200" style="Default" rotation="0" justify="left" flipped="False" hidden="False" data="IO2" />
      <text name="pindes" originx="140" originy="-180" style="Default" rotation="0" justify="lowerright" flipped="False" hidden="False" data="3" />
    </sympin>
    <sympin number="4" originx="200" originy="-300" rotation="180" length="100" width="7.8740157480315" flipped="False">
      <text name="pinname" originx="230" originy="-300" style="Default" rotation="0" justify="left" flipped="False" hidden="False" data="GND" />
      <text name="pindes" originx="140" originy="-280" style="Default" rotation="0" justify="lowerright" flipped="False" hidden="False" data="4" />
    </sympin>
    <sympin number="8" originx="1200" originy="0" rotation="0" length="100" width="7.8740157480315" flipped="False">
      <text name="pinname" originx="1170" originy="0" style="Default" rotation="0" justify="right" flipped="False" hidden="False" data="VCC" />
      <text name="pindes" originx="1260" originy="20" style="Default" rotation="0" justify="lowerleft" flipped="False" hidden="False" data="8" />
    </sympin>
    <sympin number="7" originx="1200" originy="-100" rotation="0" length="100" width="7.8740157480315" flipped="False">
      <text name="pinname" originx="1170" originy="-100" style="Default" rotation="0" justify="right" flipped="False" hidden="False" data="IO3" />
      <text name="pindes" originx="1260" originy="-80" style="Default" rotation="0" justify="lowerleft" flipped="False" hidden="False" data="7" />
    </sympin>
    <sympin number="6" originx="1200" originy="-200" rotation="0" length="100" width="7.8740157480315" flipped="False">
      <text name="pinname" originx="1170" originy="-200" style="Default" rotation="0" justify="right" flipped="False" hidden="False" data="CLK" />
      <text name="pindes" originx="1260" originy="-180" style="Default" rotation="0" justify="lowerleft" flipped="False" hidden="False" data="6" />
    </sympin>
    <sympin number="5" originx="1200" originy="-300" rotation="0" length="100" width="7.8740157480315" flipped="False">
      <text name="pinname" originx="1170" originy="-300" style="Default" rotation="0" justify="right" flipped="False" hidden="False" data="DI(IO0)" />
      <text name="pindes" originx="1260" originy="-280" style="Default" rotation="0" justify="lowerleft" flipped="False" hidden="False" data="5" />
    </sympin>
  </symbol>
  <component name="W25Q32JVSSIQ_TR" designatorprefix="IC" height="85.039370078739" footprint="SOIC127P790X216-8N">
    <comppin designator="1" sympin="1" pinswap="0" gateswap="0" gate="1" group="1" side="" type="Any" name="/CS" />
    <comppin designator="2" sympin="2" pinswap="0" gateswap="0" gate="1" group="1" side="" type="Any" name="DO(IO1)" />
    <comppin designator="3" sympin="3" pinswap="0" gateswap="0" gate="1" group="1" side="" type="Any" name="IO2" />
    <comppin designator="4" sympin="4" pinswap="0" gateswap="0" gate="1" group="1" side="" type="Any" name="GND" />
    <comppin designator="5" sympin="5" pinswap="0" gateswap="0" gate="1" group="1" side="" type="Any" name="DI(IO0)" />
    <comppin designator="6" sympin="6" pinswap="0" gateswap="0" gate="1" group="1" side="" type="Any" name="CLK" />
    <comppin designator="7" sympin="7" pinswap="0" gateswap="0" gate="1" group="1" side="" type="Any" name="IO3" />
    <comppin designator="8" sympin="8" pinswap="0" gateswap="0" gate="1" group="1" side="" type="Any" name="VCC" />
    <attached_symbol gate="1" name="W25Q32JVSSIQ_TR" />
    <pinmap designator="1" footprintpin="1" />
    <pinmap designator="2" footprintpin="2" />
    <pinmap designator="3" footprintpin="3" />
    <pinmap designator="4" footprintpin="4" />
    <pinmap designator="5" footprintpin="5" />
    <pinmap designator="6" footprintpin="6" />
    <pinmap designator="7" footprintpin="7" />
    <pinmap designator="8" footprintpin="8" />
    <text name="Datasheet" originx="0" originy="0" style="Default" rotation="0" justify="" flipped="False" hidden="True" data="https://www.winbond.com/resource-files/w25q32jv spi revc 08302016.pdf" />
    <text name="Description" originx="0" originy="0" style="Default" rotation="0" justify="" flipped="False" hidden="True" data="NOR Flash spiFlash, 32M-bit, DTR, 4Kb Uniform Sector" />
    <text name="Mouser Part Number" originx="0" originy="0" style="Default" rotation="0" justify="" flipped="False" hidden="True" data="454-W25Q32JVSSIQTR" />
    <text name="Mouser Price/Stock" originx="0" originy="0" style="Default" rotation="0" justify="" flipped="False" hidden="True" data="https://www.mouser.co.uk/ProductDetail/Winbond/W25Q32JVSSIQ-TR?qs=qSfuJ%252Bfl%2Fd73AdQzQa%2FEuA%3D%3D" />
    <text name="Manufacturer_Name" originx="0" originy="0" style="Default" rotation="0" justify="" flipped="False" hidden="True" data="Winbond" />
    <text name="Manufacturer_Part_Number" originx="1250" originy="200" style="Default" rotation="0" justify="left" flipped="False" hidden="False" data="W25Q32JVSSIQ TR" />
  </component>
</quadcept_library>
